FID,ADDRESBR,BRNUM,BRSERTYP,CBSABR,CBSANAMB,CITYBR,CNTRYNAB,CNTYNAMB,DEPSUMBR,GEOCODE_CE,GEOCODE__1,NAMEBR,STALPBR,STCNTYBR,STNAMEBR,UNINUMBR,ZIPBR,CERT,ADDRESS,ASSET,BKCLASS,CITY,CNTRYNA,DENOVO,DEPDOM,NAMEFULL,NAMEHCR,REGAGNT,REPDTE,RSSDID,STALP,STCNTY,STNAME,ZIP,BKMO,LOC_NAME,STATUS,SCORE,x,y,GeocodeSou
13001,950 Park Street,0,11,14460,"Boston-Cambridge-Newton, MA-NH",Stoughton,United States,Norfolk,46645,2007,456101,Stoughton Co-Operative Bank,MA,25021,Massachusetts,33215,2072,26513,950 Park Street,96326,SM,Stoughton,United States,0,75160,Stoughton Co-operative Bank, ,FED,2014-06-30T00:00:00.000Z,164975,MA,25021,MASSACHUSETTS,2072,1,PointAddress,M,100,-71.073321,42.111569,HSIP USA_ZIP4 Composite
13002,97 Lowell Road,360,11,14460,"Boston-Cambridge-Newton, MA-NH",Concord,United States,Middlesex,154554,1039,361300,Concord Branch,MA,25017,Massachusetts,33217,1742,57957,One Citizens Plaza,100642478,N,Providence,United States,0,68755303,"Citizens Bank, National Association",UK FINANCIAL INVESTMENTS LIMITED,OCC,2014-06-30T00:00:00.000Z,3303298,RI,44007,RHODE ISLAND,2903,0,PointAddress,M,100,-71.352231,42.463779,HSIP USA_ZIP4 Composite
13003,342 Main Street,0,11,14460,"Boston-Cambridge-Newton, MA-NH",Wakefield,United States,Middlesex,74480,4016,335100,Wakefield Co-Operative Bank,MA,25017,Massachusetts,33218,1880,26516,342 Main Street,174742,SB,Wakefield,United States,0,147124,Wakefield Co-operative Bank, ,FDIC,2014-06-30T00:00:00.000Z,330873,MA,25017,MASSACHUSETTS,1880,1,PointAddress,M,100,-71.071241,42.504579,HSIP USA_ZIP4 Composite
13004,121 Main Street,0,11,12700,"Barnstable Town, MA",Yarmouth Port,United States,Barnstable,144528,2017,11802,Cape Cod Co-Operative Bank,MA,25001,Massachusetts,33219,2675,26517,121 Main Street,745395,SB,Yarmouth Port,United States,0,554956,Cape Cod Co-operative Bank,"COASTAL AFFILIATES, MHC",FDIC,2014-06-30T00:00:00.000Z,119779,MA,25001,MASSACHUSETTS,2675,1,StreetAddress,M,100,-70.252098,41.703698,HSIP USA_ZIP4 Composite
13005,205 Main St,0,11,0, ,Frost,United States,Faribault,34860,1197,460500,Frost State Bank,MN,27043,Minnesota,33221,56033,26519,205 Main St,39881,NM,Frost,United States,0,34860,Frost State Bank, ,FDIC,2014-06-30T00:00:00.000Z,943853,MN,27043,MINNESOTA,56033,1,StreetAddress,M,100,-93.923821,43.584759,HSIP USA_ZIP4 Composite
13006,Junction Hwys. 76-86 & 37,0,11,0, ,Cassville,United States,Barry,62916,4054,960500,Security Bank Of Southwest Missouri,MO,29009,Missouri,33222,65625,26520,Junction Hwys. 76-86 & 37,79812,NM,Cassville,United States,0,71702,Security Bank of Southwest Missouri, ,FDIC,2014-06-30T00:00:00.000Z,897853,MO,29009,MISSOURI,65625,1,Postal,M,100,-93.848067,36.680953,HSIP USA_ZIP4 Composite
13007,101 East Mackenzie,9,11,0, ,White City,United States,Morris,13107,4040,963600,White City Branch,KS,20127,Kansas,33223,66872,4702,802 North Washington Street,842390,N,Junction City,United States,0,731355,Central National Bank,"CENTRAL OF KANSAS, INC.",OCC,2014-06-30T00:00:00.000Z,234355,KS,20061,KANSAS,66441,0,StreetAddress,M,88,-96.735677,38.795638,HSIP USA_ZIP4 Composite
13008,205 S. Penn,0,11,0, ,Oberlin,United States,Decatur,43815,1072,951200,The Bank,KS,20039,Kansas,33224,67749,26522,205 S. Penn,335827,NM,Oberlin,United States,0,257019,The Bank,"DECATUR INVESTMENT, INC.",FDIC,2014-06-30T00:00:00.000Z,333650,KS,20039,KANSAS,67749,1,StreetAddress,M,100,-100.52912,39.818872,HSIP USA_ZIP4 Composite
13009,31 Sutton Avenue,0,11,49340,"Worcester, MA-CT",Oxford,United States,Worcester,56321,3007,753200,"Hometown Bank, A Cooperative Bank",MA,25027,Massachusetts,33225,1540,26523,31 Sutton Avenue,390077,SB,Oxford,United States,0,335944,"Hometown Bank, A Cooperative Bank",HOMETOWN COMMUNITY BANCORP MHC,FDIC,2014-06-30T00:00:00.000Z,1004470,MA,25027,MASSACHUSETTS,1540,1,PointAddress,M,100,-71.859932,42.11669,HSIP USA_ZIP4 Composite
13010,"1800 Glenarm Place, Suite 103",14,11,19740,"Denver-Aurora-Lakewood, CO",Denver,United States,Denver,17717,1021,1702,Denver Glenarm Office,CO,8031,Colorado,33227,80202,2239,2101 Mountain Road Suite B,1616797,N,Albuquerque,United States,0,1339224,The First National Bank of Santa Fe,STRATEGIC GROWTH BANK INCORPORATED,OCC,2014-06-30T00:00:00.000Z,787253,NM,35001,NEW MEXICO,87104,0,PointAddress,M,100,-104.987871,39.745811,HSIP USA_ZIP4 Composite
13011,119 North Cushman Street,0,11,21820,"Fairbanks, AK",Fairbanks,United States,Fairbanks North Star,172046,2051,500,Denali State Bank,AK,2090,Alaska,33232,99701,26530,119 North Cushman Street,267870,NM,Fairbanks,United States,0,239039,Denali State Bank,"DENALI BANCORPORATION, INC.",FDIC,2014-06-30T00:00:00.000Z,571265,AK,2090,ALASKA,99701,1,PointAddress,M,100,-147.72205,64.845949,HSIP USA_ZIP4 Composite
13012,12000 Pecos Street,4243,11,19740,"Denver-Aurora-Lakewood, CO",Westminster,United States,Adams,100425,2032,60200,Westminister Branch,CO,8001,Colorado,33233,80234,3511,101 N. Phillips Avenue,1436828000,N,Sioux Falls,United States,0,1033620000,"Wells Fargo Bank, National Association",WELLS FARGO & COMPANY,OCC,2014-06-30T00:00:00.000Z,451965,SD,46099,SOUTH DAKOTA,57104,0,PointAddress,M,100,-105.006091,39.91427,HSIP USA_ZIP4 Composite
13013,160 Main Street,0,11,14460,"Boston-Cambridge-Newton, MA-NH",Gloucester,United States,Essex,154797,2022,221500,Bankgloucester,MA,25009,Massachusetts,35224,1930,26536,160 Main Street,188349,SB,Gloucester,United States,0,154958,BankGloucester, ,FDIC,2014-06-30T00:00:00.000Z,331375,MA,25009,MASSACHUSETTS,1930,1,PointAddress,M,100,-70.662422,42.612589,HSIP USA_ZIP4 Composite
13014,264 Washington Street,5,11,14460,"Boston-Cambridge-Newton, MA-NH",Brookline,United States,Norfolk,51517,2001,400700,Brookline Branch,MA,25021,Massachusetts,35225,2445,29861,435 Market St,605271,SB,Brighton,United States,0,443330,Peoples Federal Savings Bank, ,OCC,2014-06-30T00:00:00.000Z,991470,MA,25025,MASSACHUSETTS,2135,0,PointAddress,M,100,-71.119031,42.33313,HSIP USA_ZIP4 Composite
13015,406 East Silver Springs Boulevard,15,11,36100,"Ocala, FL",Ocala,United States,Marion,60232,2007,1900,Ocala Downtown Branch,FL,12083,Florida,35227,34470,33555,1101 First Street South,3888623,N,Winter Haven,United States,0,3307445,"CenterState Bank of Florida, National Association","CENTERSTATE BANKS, INC.",OCC,2014-06-30T00:00:00.000Z,1929247,FL,12105,FLORIDA,33880,0,PointAddress,M,100,-82.132702,29.18706,HSIP USA_ZIP4 Composite
13016,"Corporate Office, Kaselehlie Street",0,11,0, ,Pohnpei,Federated States Of Micronesia,Pohnpei,66388,0,0,Bank Of The Federated States Of Micronesia,FM,64040,Federated States Of Micronesia,35228,96941,26539,"Corporate Office, Kaselehlie Street",119632,NM,Pohnpei,Federated States Of Micronesia,0,100408,Bank of the Federated States of Micronesia, ,FDIC,2014-06-30T00:00:00.000Z,718275,FM,64040,FEDERATED STATES OF MICRONESIA,96941,1,ZIP, ,0,158.21,6.891,Data Flux
13017,2720 W 7th Street,39,11,19100,"Dallas-Fort Worth-Arlington, TX",Fort Worth,United States,Tarrant,33214,2074,102000,7th Street Branch,TX,48439,Texas,35230,76107,23474,102 West Moore Ave,2387440,N,Terrell,United States,0,2139784,The American National Bank of Texas,"A.N.B. HOLDING COMPANY, LTD.",OCC,2014-06-30T00:00:00.000Z,599764,TX,48257,TEXAS,75160,0,PointAddress,M,100,-97.355622,32.75108,HSIP USA_ZIP4 Composite
13018,2011 North Hampton Road,0,11,19100,"Dallas-Fort Worth-Arlington, TX",De Soto,United States,Dallas,165913,2055,16605,"Bank Of Desoto, National Association",TX,48113,Texas,35231,75115,26542,2011 North Hampton Road,184875,N,De Soto,United States,0,165913,"Bank of DeSoto, National Association","D BANCORP, INC.",OCC,2014-06-30T00:00:00.000Z,638355,TX,48113,TEXAS,75115,1,PointAddress,M,100,-96.857172,32.629631,HSIP USA_ZIP4 Composite
13019,3801 Fairway Boulevard,0,11,48660,"Wichita Falls, TX",Wichita Falls,United States,Wichita,211176,2035,12600,First National Bank,TX,48485,Texas,35232,76310,26543,3801 Fairway Boulevard,353172,N,Wichita Falls,United States,0,287630,First National Bank,"WICHITA FALLS BANCSHARES, INC.",OCC,2014-06-30T00:00:00.000Z,375566,TX,48485,TEXAS,76310,1,PointAddress,M,100,-98.560922,33.873181,HSIP USA_ZIP4 Composite
13020,19099 Fm 2252,29,11,41700,"San Antonio-New Braunfels, TX",Garden Ridge,United States,Comal,43335,2037,310801,Garden Ridge Branch,TX,48091,Texas,35233,78266,20473,2011 Texoma Parkway,2123556,NM,Sherman,United States,0,1816269,American Bank of Texas,"NORTH AMERICAN BANCSHARES, INC.",FDIC,2014-06-30T00:00:00.000Z,627658,TX,48181,TEXAS,75090,0,PointAddress,M,100,-98.305661,29.620041,HSIP USA_ZIP4 Composite
13021,U.S. Highway 281 and St. Mary's Street,3,11,48660,"Wichita Falls, TX",Windthorst,United States,Archer,24824,2211,30302,Windthorst Branch,TX,48009,Texas,35234,76389,3270,104 West Park Street,239891,N,Iowa Park,United States,0,218325,State National Bank of Texas,"NORTH CENTRAL TEXAS BANCSHARES, INC.",OCC,2014-06-30T00:00:00.000Z,588058,TX,48485,TEXAS,76367,0,Postal,M,100,-98.439148,33.542781,HSIP USA_ZIP4 Composite
13022,13333 Blanco Road,1,11,41700,"San Antonio-New Braunfels, TX",San Antonio,United States,Bexar,12093,1016,191413,San Antonio Branch,TX,48029,Texas,35236,78216,15879,1301 Oak Street,166554,NM,Jourdanton,United States,0,147879,Jourdanton State Bank,"JOURDANTON BANCSHARES, INC.",FDIC,2014-06-30T00:00:00.000Z,602150,TX,48013,TEXAS,78026,0,PointAddress,M,100,-98.520081,29.566481,HSIP USA_ZIP4 Composite
13023,360 Broadway,0,11,14460,"Boston-Cambridge-Newton, MA-NH",Chelsea,United States,Suffolk,51849,2010,160400,Chelsea Bank,MA,25025,Massachusetts,35238,2150,26548,360 Broadway,58022,SM,Chelsea,United States,0,51849,Chelsea Bank, ,FED,2014-06-30T00:00:00.000Z,170976,MA,25025,MASSACHUSETTS,2150,1,PointAddress,M,100,-71.035672,42.3919,HSIP USA_ZIP4 Composite
13024,6 Harrison Avenue,0,11,14460,"Boston-Cambridge-Newton, MA-NH",Abington,United States,Plymouth,101914,2010,520201,Abington Bank,MA,25023,Massachusetts,35239,2351,26549,6 Harrison Avenue,118348,SM,Abington,United States,0,101914,Abington Bank, ,FED,2014-06-30T00:00:00.000Z,117672,MA,25023,MASSACHUSETTS,2351,1,PointAddress,M,100,-70.944021,42.12866,HSIP USA_ZIP4 Composite
13025,72 Main Street,4,11,14460,"Boston-Cambridge-Newton, MA-NH",Bridgewater,United States,Plymouth,28312,4018,525101,72 Main Street Branch,MA,25023,Massachusetts,35240,2324,26634,316 Broadway,440844,SB,Taunton,United States,0,379911,Mechanics Cooperative Bank,"MECHANICS BANCORP, MHC",FDIC,2014-06-30T00:00:00.000Z,183770,MA,25005,MASSACHUSETTS,2780,0,PointAddress,M,100,-70.977522,41.99179,HSIP USA_ZIP4 Composite
13026,430 West Broadway,15,11,14460,"Boston-Cambridge-Newton, MA-NH",South Boston,United States,Suffolk,337998,5007,60501,Mt. Washington Co-Operative Branch,MA,25025,Massachusetts,35244,2127,33510,10 Meridian Street,3053166,SB,Boston,United States,0,2568827,East Boston Savings Bank,"MERIDIAN FINANCIAL SERVICES, INC",FDIC,2014-06-30T00:00:00.000Z,1000100,MA,25025,MASSACHUSETTS,2128,0,PointAddress,M,100,-71.047112,42.336409,HSIP USA_ZIP4 Composite
13027,30 South Main Street,98,11,14460,"Boston-Cambridge-Newton, MA-NH",Middleboro,United States,Plymouth,100890,5002,542300,Mayflower Co-Operative Main Office Branch,MA,25023,Massachusetts,35247,2346,9712,288 Union Street,6349227,NM,Rockland,United States,0,5315525,Rockland Trust Company,INDEPENDENT BANK CORP.,FDIC,2014-06-30T00:00:00.000Z,613008,MA,25023,MASSACHUSETTS,2370,0,StreetAddress,M,100,-70.910302,41.891545,HSIP USA_ZIP4 Composite
13028,275 Washington Street,0,11,39300,"Providence-Warwick, RI-MA",North Easton,United States,Bristol,58815,1038,985600,Bank Of Easton,MA,25005,Massachusetts,35249,2356,26554,275 Washington Street,120852,SM,North Easton,United States,0,96945,Bank of Easton, ,FED,2014-06-30T00:00:00.000Z,956376,MA,25005,MASSACHUSETTS,2356,1,PointAddress,M,100,-71.087371,42.068401,HSIP USA_ZIP4 Composite
13029,11 Central Street,0,11,14460,"Boston-Cambridge-Newton, MA-NH",Norwood,United States,Norfolk,313278,1025,413401,Norwood Co-Operative Bank,MA,25021,Massachusetts,35253,2062,26555,11 Central Street,380766,SB,Norwood,United States,0,313278,Norwood Co-operative Bank,1889 BANCORP MHC,FDIC,2014-06-30T00:00:00.000Z,1013070,MA,25021,MASSACHUSETTS,2062,1,PointAddress,M,100,-71.201022,42.191349,HSIP USA_ZIP4 Composite
13030,6 City Hall Avenue,0,11,49340,"Worcester, MA-CT",Gardner,United States,Worcester,35854,3007,707300,Colonial Co-Operative Bank,MA,25027,Massachusetts,35254,1440,26556,6 City Hall Avenue,69739,SB,Gardner,United States,0,63697,Colonial Co-operative Bank, ,FDIC,2014-06-30T00:00:00.000Z,266879,MA,25027,MASSACHUSETTS,1440,1,StreetAddress,M,100,-71.995482,42.574735,HSIP USA_ZIP4 Composite
13031,637 Front St,404,11,44140,"Springfield, MA",Chicopee,United States,Hampden,59926,1005,810800,Chicopee Branch,MA,25013,Massachusetts,35257,1013,16004,"726 Exchange Street, Suite 700",38565868,N,Buffalo,United States,0,27963270,"First Niagara Bank, National Association","FIRST NIAGARA FINANCIAL GROUP, INC.",OCC,2014-06-30T00:00:00.000Z,517900,NY,36029,NEW YORK,14210,0,StreetAddress,M,100,-72.592669,42.148065,HSIP USA_ZIP4 Composite
13032,80 Montvale Avenue,0,11,14460,"Boston-Cambridge-Newton, MA-NH",Stoneham,United States,Middlesex,240809,3026,337202,"Stonehambank, A Co-Operative Bank",MA,25017,Massachusetts,35258,2180,26559,80 Montvale Avenue,473325,SB,Stoneham,United States,0,328052,"StonehamBank,  A Co-operative Bank", ,FDIC,2014-06-30T00:00:00.000Z,954279,MA,25017,MASSACHUSETTS,2180,1,StreetAddress,M,100,-71.109123,42.481058,HSIP USA_ZIP4 Composite
13033,301 Gulf Breeze Parkway,5956,11,37860,"Pensacola-Ferry Pass-Brent, FL",Gulf Breeze,United States,Santa Rosa,60227,6000,10900,Gulf Breeze Branch,FL,12113,Florida,35261,32561,3510,100 North Tryon Street,1454742000,N,Charlotte,United States,0,1046212000,"Bank of America, National Association",BANK OF AMERICA CORPORATION,OCC,2014-06-30T00:00:00.000Z,480228,NC,37119,NORTH CAROLINA,28202,0,PointAddress,M,100,-87.170062,30.36527,HSIP USA_ZIP4 Composite
13034,3100 South Mccall Road,16,11,39460,"Punta Gorda, FL",Englewood,United States,Charlotte,59769,3000,30302,Englewood Bank Branch,FL,12015,Florida,35262,34224,58991,2500 Weston Road Suite 300,5568445,N,Weston,United States,0,3966466,"Florida Community Bank, National Association","BOND STREET MANAGEMENT, LLC",OCC,2014-06-30T00:00:00.000Z,4041421,FL,12011,FLORIDA,33331,0,PointAddress,M,100,-82.304781,26.93459,HSIP USA_ZIP4 Composite
13035,1617 Carter Street,0,11,35020,"Natchez, MS-LA",Vidalia,United States,Concordia,62529,1023,400,Delta Bank,LA,22029,Louisiana,35263,71373,26564,1617 Carter Street,237280,NM,Vidalia,United States,0,214996,Delta Bank,CENTRAL LOUISIANA CAPITAL CORPORATION,FDIC,2014-06-30T00:00:00.000Z,975256,LA,22029,LOUISIANA,71373,1,StreetAddress,M,100,-91.444516,31.57191,HSIP USA_ZIP4 Composite
13036,2360 Massachusetts Avenue,0,11,14460,"Boston-Cambridge-Newton, MA-NH",Cambridge,United States,Middlesex,68135,1003,354800,North Cambridge Co-Operative Bank,MA,25017,Massachusetts,35267,2140,26567,2360 Massachusetts Avenue,88133,SB,Cambridge,United States,0,68135,North Cambridge Co-operative Bank, ,FDIC,2014-06-30T00:00:00.000Z,931270,MA,25017,MASSACHUSETTS,2140,1,PointAddress,M,100,-71.129171,42.39645,HSIP USA_ZIP4 Composite
13037,93 Park Street,4,11,38340,"Pittsfield, MA",Adams,United States,Berkshire,81596,3014,922100,Park Street Branch,MA,25003,Massachusetts,35268,1220,90140,2 Center Street,392023,SB,Adams,United States,0,316842,Adams Community Bank, ,FDIC,2014-06-30T00:00:00.000Z,343903,MA,25003,MASSACHUSETTS,1220,0,PointAddress,M,100,-73.119822,42.62408,HSIP USA_ZIP4 Composite
13038,1442 Dorchester Avenue,902,11,14460,"Boston-Cambridge-Newton, MA-NH",Dorchester,United States,Suffolk,33081,2005,92101,Massachusetts Co-Operative Bank Branch,MA,25025,Massachusetts,35269,2122,29950,"824 North Market Street, Suite 100",77251104,N,Wilmington,United States,0,51087663,"Santander Bank, N.A.","BANCO SANTANDER, S.A.",OCC,2014-06-30T00:00:00.000Z,722777,DE,10003,DELAWARE,19801,0,PointAddress,M,100,-71.059772,42.301699,HSIP USA_ZIP4 Composite
13039,1010 Washington Street,0,11,14460,"Boston-Cambridge-Newton, MA-NH",Braintree,United States,Norfolk,159471,2059,419800,The Braintree Co-Operative Bank,MA,25021,Massachusetts,35270,2184,26570,1010 Washington Street,252326,SB,Braintree,United States,0,228789,The Braintree Co-operative Bank,BRAINTREE BANCORP MHC,FDIC,2014-06-30T00:00:00.000Z,175672,MA,25021,MASSACHUSETTS,2184,1,PointAddress,M,100,-71.006762,42.20187,HSIP USA_ZIP4 Composite
13040,738 Broadway,115,11,14460,"Boston-Cambridge-Newton, MA-NH",Everett,United States,Middlesex,45982,1019,342202,738 Broadway Branch,MA,25017,Massachusetts,35271,2149,32773,265 Franklin Street,8803622,SB,Boston,United States,0,7218552,Eastern Bank,EASTERN BANK CORPORATION,FDIC,2014-06-30T00:00:00.000Z,128904,MA,25025,MASSACHUSETTS,2110,0,StreetAddress,M,100,-71.047951,42.415561,HSIP USA_ZIP4 Composite
13041,60 High Street,9,11,14460,"Boston-Cambridge-Newton, MA-NH",Medford,United States,Middlesex,136829,4022,339100,Medford Square Branch,MA,25017,Massachusetts,35272,2155,17798,160 Washington Street,3436438,SM,Brookline,United States,0,2326851,Brookline  Bank,"BROOKLINE BANCORP, INC.",FED,2014-06-30T00:00:00.000Z,782306,MA,25021,MASSACHUSETTS,2445,0,StreetAddress,M,100,-71.11139,42.418617,HSIP USA_ZIP4 Composite
13042,50 South Main Street,367,11,14460,"Boston-Cambridge-Newton, MA-NH",Randolph,United States,Norfolk,87286,2000,420302,Randolph Branch,MA,25021,Massachusetts,35274,2368,57957,One Citizens Plaza,100642478,N,Providence,United States,0,68755303,"Citizens Bank, National Association",UK FINANCIAL INVESTMENTS LIMITED,OCC,2014-06-30T00:00:00.000Z,3303298,RI,44007,RHODE ISLAND,2903,0,StreetAddress,M,100,-71.042219,42.16077,HSIP USA_ZIP4 Composite
13043,489 Lincoln Avenue,0,11,14460,"Boston-Cambridge-Newton, MA-NH",Saugus,United States,Essex,74428,2015,208101,"Saugusbank, A Co-Operative Bank",MA,25009,Massachusetts,35275,1906,26574,489 Lincoln Avenue,205646,SB,Saugus,United States,0,168757,"Saugusbank, a Co-operative bank", ,FDIC,2014-06-30T00:00:00.000Z,158974,MA,25009,MASSACHUSETTS,1906,1,PointAddress,M,100,-71.009082,42.44862,HSIP USA_ZIP4 Composite
13044,195 Washington Street,0,11,14460,"Boston-Cambridge-Newton, MA-NH",Weymouth,United States,Norfolk,93689,2016,422400,S-Bank,MA,25021,Massachusetts,35277,2188,26575,195 Washington Street,191264,SB,Weymouth,United States,0,162664,S-Bank,SOUTH SHORE MUTUAL HOLDING COMPANY,FDIC,2014-06-30T00:00:00.000Z,116077,MA,25021,MASSACHUSETTS,2188,1,PointAddress,M,100,-70.963731,42.216349,HSIP USA_ZIP4 Composite
13045,102 South Street,0,11,14460,"Boston-Cambridge-Newton, MA-NH",Wrentham,United States,Norfolk,87278,2025,441204,Wrentham Co-Operative Bank,MA,25021,Massachusetts,35278,2093,26576,102 South Street,110525,SB,Wrentham,United States,0,94981,Wrentham Co-operative Bank, ,FDIC,2014-06-30T00:00:00.000Z,948278,MA,25021,MASSACHUSETTS,2093,1,StreetAddress,M,100,-71.329734,42.065426,HSIP USA_ZIP4 Composite
13046,2110 Boca Raton Drive,2677,11,12420,"Austin-Round Rock, TX",Austin,United States,Travis,65591,2010,2428,Onion Creek,TX,48453,Texas,35283,78747,9846,200 W 2nd St,183627331,NM,Winston Salem,United States,0,137818798,Branch Banking and Trust Company,BB&T CORPORATION,FDIC,2014-06-30T00:00:00.000Z,852320,NC,37067,NORTH CAROLINA,27101,0,PointAddress,M,100,-97.794761,30.13941,HSIP USA_ZIP4 Composite
13047,19 Church Street,0,11,14460,"Boston-Cambridge-Newton, MA-NH",Winchester,United States,Middlesex,497766,2015,338300,Winchester Co-Operative Bank,MA,25017,Massachusetts,39178,1890,27238,19 Church Street,564445,SB,Winchester,United States,0,497766,Winchester Co-operative Bank, ,FDIC,2014-06-30T00:00:00.000Z,268976,MA,25017,MASSACHUSETTS,1890,1,StreetAddress,M,100,-71.138413,42.452361,HSIP USA_ZIP4 Composite
13048,101 Highway 69 N,2,11,0, ,Forest City,United States,Winnebago,61054,4017,680300,Forest City Branch,IA,19189,Iowa,39179,50436,17302,173 Main Street North,166431,SM,Titonka,United States,0,144582,Titonka Savings Bank,"TITONKA BANCSHARES, INC.",FED,2014-06-30T00:00:00.000Z,334648,IA,19109,IOWA,50480,0,StreetAddress,M,100,-93.632707,43.264305,HSIP USA_ZIP4 Composite
13049,5885 Central Avenue,2242,11,45300,"Tampa-St. Petersburg-Clearwater, FL",Saint Petersburg,United States,Pinellas,63482,3033,22302,Saint Petersburg Central Avenue Branch,FL,12103,Florida,39182,33710,9846,200 W 2nd St,183627331,NM,Winston Salem,United States,0,137818798,Branch Banking and Trust Company,BB&T CORPORATION,FDIC,2014-06-30T00:00:00.000Z,852320,NC,37067,NORTH CAROLINA,27101,0,PointAddress,M,100,-82.713692,27.77092,HSIP USA_ZIP4 Composite
13050,2035 Cattlemen Road,1102,11,35840,"North Port-Sarasota-Bradenton, FL",Sarasota,United States,Sarasota,81390,2000,1303,Sarasota/Cattlemen Branch,FL,12115,Florida,39183,34232,6672,38 Fountain Square Plaza,130186292,SM,Cincinnati,United States,0,97685650,Fifth Third Bank,FIFTH THIRD BANCORP,FED,2014-06-30T00:00:00.000Z,723112,OH,39061,OHIO,45263,0,PointAddress,M,100,-82.451392,27.31441,HSIP USA_ZIP4 Composite
13051,3527 Wheeler Road,0,11,12260,"Augusta-Richmond County, GA-SC",Augusta,United States,Richmond,93640,1008,10203,First Bank Of Georgia,GA,13245,Georgia,39894,30909,27423,3527 Wheeler Road,518604,NM,Augusta,United States,0,417951,First Bank of Georgia,"GEORGIA-CAROLINA BANCSHARES, INC.",FDIC,2014-06-30T00:00:00.000Z,1356852,GA,13245,GEORGIA,30909,1,PointAddress,M,100,-82.076382,33.48601,HSIP USA_ZIP4 Composite
13052,7168 Columbia Gateway Drive,0,11,12580,"Baltimore-Columbia-Towson, MD",Columbia,United States,Howard,0,1098,606707,The Columbia Bank,MD,24027,Maryland,39185,21046,27244,7168 Columbia Gateway Drive,2038504,NM,Columbia,United States,0,1595059,The Columbia Bank,FULTON FINANCIAL CORPORATION,FDIC,2014-06-30T00:00:00.000Z,1189993,MD,24027,MARYLAND,21046,1,StreetAddress,M,100,-76.806179,39.180849,HSIP USA_ZIP4 Composite
13053,1600 East Main Street,755,11,16980,"Chicago-Naperville-Elgin, IL-IN-WI",St. Charles,United States,Kane,67780,2016,852003,St. Charles-East Branch,IL,17089,Illinois,39895,60174,6672,38 Fountain Square Plaza,130186292,SM,Cincinnati,United States,0,97685650,Fifth Third Bank,FIFTH THIRD BANCORP,FED,2014-06-30T00:00:00.000Z,723112,OH,39061,OHIO,45263,0,StreetAddress,M,100,-88.292518,41.918409,HSIP USA_ZIP4 Composite
13054,2946 South Church Street,4023,11,15500,"Burlington, NC",Burlington,United States,Alamance,57823,1006,20701,2946 South Church Street Branch,NC,37001,North Carolina,39186,27215,6384,222 Delaware Avenue,316651698,N,Wilmington,United States,0,221109179,"PNC Bank, National Association","PNC FINANCIAL SERVICES GROUP, INC., THE",OCC,2014-06-30T00:00:00.000Z,817824,DE,10003,DELAWARE,19899,0,PointAddress,M,100,-79.490481,36.080621,HSIP USA_ZIP4 Composite
13055,109 Montague Street,5,11,24940,"Greenwood, SC",Greenwood,United States,Greenwood,75784,3033,970302,Greenwood Capitalbank Branch,SC,45047,South Carolina,39898,29648,58408,"1043 E. Morehead Street, Suite 201",2239233,NM,Charlotte,United States,0,1870869,Park Sterling Bank,PARK STERLING CORPORATION,FDIC,2014-06-30T00:00:00.000Z,3470985,NC,37119,NORTH CAROLINA,28204,0,PointAddress,M,100,-82.170122,34.197711,HSIP USA_ZIP4 Composite
13056,608 Yelm Avenue East,704,11,36500,"Olympia-Tumwater, WA",Yelm,United States,Thurston,36408,2035,12411,Yelm Avenue East Branch,WA,53067,Washington,39187,98597,11063,239 Fayetteville Street,21730143,NM,Raleigh,United States,0,18598938,First-Citizens Bank & Trust Company,"FIRST CITIZENS BANCSHARES, INC.",FDIC,2014-06-30T00:00:00.000Z,491224,NC,37183,NORTH CAROLINA,27601,0,PointAddress,M,100,-122.61411,46.946079,HSIP USA_ZIP4 Composite
13057,1103 East Ninth Street,4138,11,16980,"Chicago-Naperville-Elgin, IL-IN-WI",Lockport,United States,Will,29895,2002,880601,Lockport,IL,17197,Illinois,39301,60441,6548,425 Walnut Street,384193608,N,Cincinnati,United States,0,263661347,U.S. Bank National Association,U.S. BANCORP,OCC,2014-06-30T00:00:00.000Z,504713,OH,39061,OHIO,45202,0,StreetAddress,M,100,-88.037243,41.595306,HSIP USA_ZIP4 Composite
13058,1691 North Mount Juliet Road,1596,11,34980,"Nashville-Davidson-Murfreesboro-Franklin, TN",Mount Juliet,United States,Wilson,26409,4028,30307,Small Business Lending Branch 746,TN,47189,Tennessee,39899,37122,867,"303 Peachtreet Street, Northeast",178360920,SM,Atlanta,United States,0,136869143,SunTrust Bank,"SUNTRUST BANKS, INC.",FED,2014-06-30T00:00:00.000Z,675332,GA,13121,GEORGIA,30308,0,PointAddress,M,100,-86.517061,36.193761,HSIP USA_ZIP4 Composite
13059,2068 Cleveland Ave,903,11,15980,"Cape Coral-Fort Myers, FL",Fort Myers,United States,Lee,130389,2008,800,Mcgregor Branch,FL,12071,Florida,39307,33901,6672,38 Fountain Square Plaza,130186292,SM,Cincinnati,United States,0,97685650,Fifth Third Bank,FIFTH THIRD BANCORP,FED,2014-06-30T00:00:00.000Z,723112,OH,39061,OHIO,45263,0,PointAddress,M,100,-81.872811,26.63904,HSIP USA_ZIP4 Composite
13060,110 South Fourth Street,2,11,28140,"Kansas City, MO-KS",Edwardsville,United States,Wyandotte,46327,4000,44702,Edwardsville Branch Br # 22,KS,20209,Kansas,39900,66113,59052,"1111 Main Street, Suite 2800",4856032,N,Kansas City,United States,0,4053982,"NBH Bank, National Association",NATIONAL BANK HOLDINGS CORPORATION,OCC,2014-06-30T00:00:00.000Z,4210227,MO,29095,MISSOURI,64105,0,StreetAddress,M,100,-94.821652,39.061411,HSIP USA_ZIP4 Composite
13061,7150 Mannheim Road,699,11,16980,"Chicago-Naperville-Elgin, IL-IN-WI",Rosemont,United States,Cook,54967,2000,770602,Rosemont Branch,IL,17031,Illinois,39901,60018,6672,38 Fountain Square Plaza,130186292,SM,Cincinnati,United States,0,97685650,Fifth Third Bank,FIFTH THIRD BANCORP,FED,2014-06-30T00:00:00.000Z,723112,OH,39061,OHIO,45263,0,StreetAddress,M,100,-87.88584,42.009428,HSIP USA_ZIP4 Composite
13062,5350 Lee Highway,80,11,47900,"Washington-Arlington-Alexandria, DC-VA-MD-WV",Arlington,United States,Arlington,248460,1000,100900,Lee-Harrison Office,VA,51013,Virginia,39322,22207,22858,11185 Main Street,7229122,SM,Fairfax,United States,0,4740410,United Bank,"UNITED BANKSHARES, INC.",FED,2014-06-30T00:00:00.000Z,365325,VA,51600,VIRGINIA,22030,0,PointAddress,M,100,-77.136872,38.896331,HSIP USA_ZIP4 Composite
13063,15250 East Mississippi Avenue,69,12,19740,"Denver-Aurora-Lakewood, CO",Aurora,United States,Arapahoe,28242,2000,81300,Chambers/Mississippi Branch,CO,8005,Colorado,39903,80012,18714,10403 West Colfax Avenue,13907407,SM,Lakewood,United States,0,12592462,FirstBank,FIRSTBANK HOLDING COMPANY,FED,2014-06-30T00:00:00.000Z,288853,CO,8059,COLORADO,80215,0,PointAddress,M,100,-104.811192,39.69653,HSIP USA_ZIP4 Composite
13064,201 East Kaufman Street,4,11,19100,"Dallas-Fort Worth-Arlington, TX",Rockwall,United States,Rockwall,78714,2000,40302,201 East Kaufman Street Branch,TX,48397,Texas,39336,75087,20202,1300 South University Drive,576244,SM,Fort Worth,United States,0,517563,Community Bank,"COMMUNITY BANKERS, INC.",FED,2014-06-30T00:00:00.000Z,268257,TX,48439,TEXAS,76107,0,PointAddress,M,100,-96.458802,32.93176,HSIP USA_ZIP4 Composite
13065,28 Main Street,0,11,17200,"Claremont-Lebanon, NH-VT",Plymouth,United States,Grafton,74505,2016,961000,Community Guaranty Savings Bank,NH,33009,New Hampshire,39339,3264,27252,28 Main Street,106770,SM,Plymouth,United States,0,93217,Community Guaranty Savings Bank,COMMUNITY GUARANTY CORPORATION,FED,2014-06-30T00:00:00.000Z,1216059,NH,33009,NEW HAMPSHIRE,3264,1,PointAddress,M,100,-71.687822,43.75415,HSIP USA_ZIP4 Composite
13066,1914 Main Street,320,11,0, ,Haynesville,United States,Claiborne,42832,1071,950300,Haynesville Branch,LA,22027,Louisiana,39905,71038,4297,1680 Capital One Drive,239590178,N,Mclean,United States,0,191196847,"Capital One, National Association",CAPITAL ONE FINANCIAL CORPORATION,OCC,2014-06-30T00:00:00.000Z,112837,VA,51059,VIRGINIA,22102,0,StreetAddress,M,100,-93.138748,32.961689,HSIP USA_ZIP4 Composite
13067,501 Tebeau Street,0,11,48180,"Waycross, GA",Waycross,United States,Ware,128299,1031,950800,Waycross Bank & Trust,GA,13299,Georgia,39342,31501,27254,501 Tebeau Street,201182,NM,Waycross,United States,0,182244,Waycross Bank & Trust,"WB&T BANKSHARES, INC.",FDIC,2014-06-30T00:00:00.000Z,1191352,GA,13299,GEORGIA,31501,1,PointAddress,M,100,-82.360971,31.21202,HSIP USA_ZIP4 Composite
13068,39520 Woodward Ave,500,11,19820,"Detroit-Warren-Dearborn, MI",Bloomfield Hills,United States,Oakland,44600,1026,152000,Bloomfield Hills,MI,26125,Michigan,39909,48304,13675,106 South Main Street,24538832,N,Akron,United States,0,19426187,"Firstmerit Bank, National Association",FIRSTMERIT CORPORATION,OCC,2014-06-30T00:00:00.000Z,67311,OH,39153,OHIO,44308,0,PointAddress,M,100,-83.243902,42.582449,HSIP USA_ZIP4 Composite
13069,15490 East Hampden Avenue,209,11,19740,"Denver-Aurora-Lakewood, CO",Aurora,United States,Arapahoe,37808,2009,84700,Mission Viejo Branch,CO,8005,Colorado,39346,80013,4214,One Williams Center,27613620,N,Tulsa,United States,0,20343181,"BOKF, National Association",BOK FINANCIAL CORPORATION,OCC,2014-06-30T00:00:00.000Z,339858,OK,40143,OKLAHOMA,74172,0,PointAddress,M,100,-104.808011,39.653011,HSIP USA_ZIP4 Composite
13070,6001 26th Street West,878,11,35840,"North Port-Sarasota-Bradenton, FL",Bradenton,United States,Manatee,23356,2004,308,Bradenton Branch,FL,12081,Florida,39910,34207,12368,1900 Fifth Avenue North,117957348,SM,Birmingham,United States,0,96092993,Regions Bank,REGIONS FINANCIAL CORPORATION,FED,2014-06-30T00:00:00.000Z,233031,AL,1073,ALABAMA,35203,0,PointAddress,M,100,-82.587692,27.435271,HSIP USA_ZIP4 Composite
13071,1889 N Highway Cc,53,11,44180,"Springfield, MO",Nixa,United States,Christian,32668,1006,20203,Nixa Branch,MO,29043,Missouri,39354,65714,24998,1000 Walnut Street,22884414,SM,Kansas City,United States,0,18942955,Commerce Bank,"COMMERCE BANCSHARES, INC.",FED,2014-06-30T00:00:00.000Z,601050,MO,29095,MISSOURI,64106,0,StreetAddress,M,100,-93.297516,37.083523,HSIP USA_ZIP4 Composite
13072,503 South Street,5,11,18180,"Concord, NH",Bow,United States,Merrimack,82809,2003,31002,Bow Branch,NH,33013,New Hampshire,39911,3304,17960,89 North Main Street,705829,SB,Concord,United States,0,510017,Merrimack County Savings Bank,NEW HAMPSHIRE MUTUAL BANCORP,FDIC,2014-06-30T00:00:00.000Z,74403,NH,33013,NEW HAMPSHIRE,3301,0,PointAddress,M,100,-71.535801,43.173199,HSIP USA_ZIP4 Composite
13073,800 West 47th Street,636,11,28140,"Kansas City, MO-KS",Kansas City,United States,Jackson,26775,1001,7300,Plaza Branch,MO,29095,Missouri,39355,64112,16571,111 West Monroe Street,93147307,N,Chicago,United States,0,72630098,BMO Harris Bank National Association,BANK OF MONTREAL,OCC,2014-06-30T00:00:00.000Z,75633,IL,17031,ILLINOIS,60603,0,PointAddress,M,100,-94.596862,39.042391,HSIP USA_ZIP4 Composite
13074,250 West Victory Way,14,11,18780,"Craig, CO",Craig,United States,Moffat,42381,6020,500,Craig Branch,CO,8081,Colorado,39932,81625,16980,1609 East Harmony Road,2547328,NM,Fort Collins,United States,0,2075729,Bank of Colorado,"PINNACLE BANCORP, INC.",FDIC,2014-06-30T00:00:00.000Z,255659,CO,8069,COLORADO,80525,0,PointAddress,M,100,-107.550261,40.51423,HSIP USA_ZIP4 Composite
13075,202 West Napa Street,232,11,42220,"Santa Rosa, CA",Sonoma,United States,Sonoma,151776,2020,150202,Sonoma Main,CA,6097,California,39356,95476,3430,1108 Fifth Avenue,4891237,SM,San Rafael,United States,0,4216432,Westamerica Bank,WESTAMERICA BANCORPORATION,FED,2014-06-30T00:00:00.000Z,697763,CA,6041,CALIFORNIA,94901,0,PointAddress,M,100,-122.461531,38.29227,HSIP USA_ZIP4 Composite
13076,269 Roswell Street,84,11,12060,"Atlanta-Sandy Springs-Roswell, GA",Marietta,United States,Cobb,191871,3027,30700,Marietta Bank Branch,GA,13067,Georgia,39934,30060,873,1111 Bay Avenue,26322184,NM,Columbus,United States,0,21218220,Synovus Bank,SYNOVUS FINANCIAL CORP.,FDIC,2014-06-30T00:00:00.000Z,395238,GA,13215,GEORGIA,31901,0,PointAddress,M,100,-84.544492,33.95078,HSIP USA_ZIP4 Composite
13077,166 Changebridge Road,16,11,35620,"New York-Newark-Jersey City, NY-NJ-PA",Montville,United States,Morris,189739,3004,40803,Montville Branch,NJ,34027,New Jersey,39359,7045,19953,2717 Route 23 South,3474241,NM,Newfoundland,United States,0,2736025,Lakeland Bank,"LAKELAND BANCORP, INC.",FDIC,2014-06-30T00:00:00.000Z,687009,NJ,34031,NEW JERSEY,7435,0,PointAddress,M,100,-74.365891,40.89086,HSIP USA_ZIP4 Composite
13078,197 Loudon Road,265,11,18180,"Concord, NH",Concord,United States,Merrimack,68026,2001,32900,Horizon Branch,NH,33013,New Hampshire,39935,3302,27334,850 Main Street,33656776,SB,Bridgeport,United States,0,24109842,People's United Bank, ,OCC,2014-06-30T00:00:00.000Z,613307,CT,9001,CONNECTICUT,6604,0,PointAddress,M,100,-71.500911,43.218949,HSIP USA_ZIP4 Composite
13079,6425 Rising Sun Avenue,8652,11,37980,"Philadelphia-Camden-Wilmington, PA-NJ-DE-MD",Philadelphia,United States,Philadelphia,37354,3000,30600,Lawndale Branch,PA,42101,Pennsylvania,39360,19111,3510,100 North Tryon Street,1454742000,N,Charlotte,United States,0,1046212000,"Bank of America, National Association",BANK OF AMERICA CORPORATION,OCC,2014-06-30T00:00:00.000Z,480228,NC,37119,NORTH CAROLINA,28202,0,PointAddress,M,100,-75.094982,40.05023,HSIP USA_ZIP4 Composite
13080,5233 North Kedzie Avenue,58,11,16980,"Chicago-Naperville-Elgin, IL-IN-WI",Chicago,United States,Cook,58302,5028,831800,Kedzie Branch,IL,17031,Illinois,39941,60625,26610,"3731 Wilshire Boulevard, Suite 1000",6861974,NM,Los Angeles,United States,0,5481801,BBCN Bank,"BBCN BANCORP, INC.",FDIC,2014-06-30T00:00:00.000Z,671464,CA,6037,CALIFORNIA,90010,0,PointAddress,M,100,-87.708711,41.976981,HSIP USA_ZIP4 Composite
13081,2915 Colonial Boulevard,1094,11,15980,"Cape Coral-Fort Myers, FL",Fort Myers,United States,Lee,19984,1059,1201,Fort Myers Branch,FL,12071,Florida,39944,33912,6672,38 Fountain Square Plaza,130186292,SM,Cincinnati,United States,0,97685650,Fifth Third Bank,FIFTH THIRD BANCORP,FED,2014-06-30T00:00:00.000Z,723112,OH,39061,OHIO,45263,0,PointAddress,M,100,-81.853031,26.597441,HSIP USA_ZIP4 Composite
13082,Two West Jackson Street,508,11,18260,"Cookeville, TN",Cookeville,United States,Putnam,39804,1011,302,Cookeville Jackson Branch,TN,47141,Tennessee,39363,38501,6548,425 Walnut Street,384193608,N,Cincinnati,United States,0,263661347,U.S. Bank National Association,U.S. BANCORP,OCC,2014-06-30T00:00:00.000Z,504713,OH,39061,OHIO,45202,0,Address_Points,M,86,-85.508239,36.153671,USA_Geocoding_Service
13083,500 Shrewsbury Avenue,930,11,35620,"New York-Newark-Jersey City, NY-NJ-PA",Tinton Falls,United States,Monmouth,267234,2019,805001,Monmouth Regional Branch,NJ,34025,New Jersey,39979,7724,18409,2035 Limestone Road,219657450,N,Wilmington,United States,0,185609655,"TD Bank, National Association","TORONTO-DOMINION BANK, THE",OCC,2014-06-30T00:00:00.000Z,497404,DE,10003,DELAWARE,19808,0,Street_Address,T,75,-74.073067,40.324968,Business Analyst
13084,24 Grassy Plain Street,8,11,14860,"Bridgeport-Stamford-Norwalk, CT",Bethel,United States,Fairfield,104723,1000,200100,Bethel Branch,CT,9001,Connecticut,39980,6801,18190,226 Main Street,2297528,SB,Danbury,United States,0,1709234,Union Savings Bank, ,FDIC,2014-06-30T00:00:00.000Z,443205,CT,9001,CONNECTICUT,6810,0,PointAddress,M,100,-73.425962,41.377761,HSIP USA_ZIP4 Composite
13085,777 South Park Street,463,11,12060,"Atlanta-Sandy Springs-Roswell, GA",Carrollton,United States,Carroll,24466,5025,911100,Carrollton Main Branch,GA,13045,Georgia,39365,30117,12368,1900 Fifth Avenue North,117957348,SM,Birmingham,United States,0,96092993,Regions Bank,REGIONS FINANCIAL CORPORATION,FED,2014-06-30T00:00:00.000Z,233031,AL,1073,ALABAMA,35203,0,PointAddress,M,100,-85.078202,33.5691,HSIP USA_ZIP4 Composite
13086,3660 Havendale Boulevard NW,2224,11,29460,"Lakeland-Winter Haven, FL",Winter Haven,United States,Polk,41148,1008,13300,Auburndale Branch,FL,12105,Florida,39981,33881,9846,200 W 2nd St,183627331,NM,Winston Salem,United States,0,137818798,Branch Banking and Trust Company,BB&T CORPORATION,FDIC,2014-06-30T00:00:00.000Z,852320,NC,37067,NORTH CAROLINA,27101,0,PointAddress,M,100,-81.772752,28.052111,HSIP USA_ZIP4 Composite
13087,736 Peachtree Street,515,11,0, ,Louisville,United States,Jefferson,13723,4003,960300,Louisville Branch,GA,13163,Georgia,39366,30434,12368,1900 Fifth Avenue North,117957348,SM,Birmingham,United States,0,96092993,Regions Bank,REGIONS FINANCIAL CORPORATION,FED,2014-06-30T00:00:00.000Z,233031,AL,1073,ALABAMA,35203,0,PointAddress,M,100,-82.409541,33.00284,HSIP USA_ZIP4 Composite
13088,85 Freshwater Boulevard,10,11,25540,"Hartford-West Hartford-East Hartford, CT",Enfield,United States,Hartford,45154,4019,480800,Enfield Branch,CT,9003,Connecticut,39987,6082,18214,803 Main Street,1344691,SB,Willimantic,United States,0,1019405,Savings Institute Bank and Trust Company, ,OCC,2014-06-30T00:00:00.000Z,480808,CT,9015,CONNECTICUT,6226,0,StreetAddress,M,100,-72.576776,41.99112,HSIP USA_ZIP4 Composite
13089,41-06 Main Street,0,11,35620,"New York-Newark-Jersey City, NY-NJ-PA",Flushing,United States,Queens,197680,1000,84900,Amerasia Bank,NY,36081,New York,39368,11355,27267,41-06 Main Street,384141,NM,Flushing,United States,0,341477,Amerasia Bank, ,FDIC,2014-06-30T00:00:00.000Z,1169650,NY,36081,NEW YORK,11355,1,PostalExt,M,100,-73.826172,40.746031,HSIP USA_ZIP4 Composite
13090,21 Main Street,0,11,14460,"Boston-Cambridge-Newton, MA-NH",Franklin,United States,Norfolk,132800,1035,442202,Dean Co-Operative Bank,MA,25021,Massachusetts,39405,2038,27269,21 Main Street,248860,SB,Franklin,United States,0,217918,Dean Co-operative Bank, ,FDIC,2014-06-30T00:00:00.000Z,271275,MA,25021,MASSACHUSETTS,2038,1,PointAddress,M,100,-71.397731,42.08337,HSIP USA_ZIP4 Composite
13091,609 Castle Ridge Road,4020,11,12420,"Austin-Round Rock, TX",Austin,United States,Travis,465683,1001,1917,Bee Cave Rd & 360 Branch,TX,48453,Texas,39988,78746,3511,101 N. Phillips Avenue,1436828000,N,Sioux Falls,United States,0,1033620000,"Wells Fargo Bank, National Association",WELLS FARGO & COMPANY,OCC,2014-06-30T00:00:00.000Z,451965,SD,46099,SOUTH DAKOTA,57104,0,PointAddress,M,100,-97.829582,30.295851,HSIP USA_ZIP4 Composite
13092,8375 Southwest State Road 200,134,11,36100,"Ocala, FL",Ocala,United States,Marion,56030,1002,2605,Ocala Branch,FL,12083,Florida,39406,34481,110,17901 Chenal Parkway,6286084,NM,Little Rock,United States,0,5007375,Bank of the Ozarks,BANK OF THE OZARKS INC,FDIC,2014-06-30T00:00:00.000Z,107244,AR,5119,ARKANSAS,72223,0,PointAddress,M,89,-82.257911,29.078671,HSIP USA_ZIP4 Composite
13093,2979 North Loop West Freeway,279,11,26420,"Houston-The Woodlands-Sugar Land, TX",Houston,United States,Harris,350657,3002,511200,Northwest Branch,TX,48201,Texas,39409,77008,12441,1 Hancock Plaza,19225997,NM,Gulfport,United States,0,14923324,Whitney Bank,HANCOCK HOLDING COMPANY,FDIC,2014-06-30T00:00:00.000Z,463735,MS,28047,MISSISSIPPI,39501,0,StreetAddress,M,89,-95.448206,29.802192,HSIP USA_ZIP4 Composite
13094,"800 South Shackleford Road, Suite 210",738,11,30780,"Little Rock-North Little Rock-Conway, AR",Little Rock,United States,Pulaski,109150,1027,2407,Financial West Branch,AR,5119,Arkansas,39995,72211,12368,1900 Fifth Avenue North,117957348,SM,Birmingham,United States,0,96092993,Regions Bank,REGIONS FINANCIAL CORPORATION,FED,2014-06-30T00:00:00.000Z,233031,AL,1073,ALABAMA,35203,0,StreetAddress,M,100,-92.394145,34.746123,HSIP USA_ZIP4 Composite
13095,26500 Ridge Road,0,11,47900,"Washington-Arlington-Alexandria, DC-VA-MD-WV",Damascus,United States,Montgomery,114699,1002,700208,Damascus Community Bank,MD,24031,Maryland,39424,20872,27280,26500 Ridge Road,279637,NM,Damascus,United States,0,251897,Damascus Community Bank, ,FDIC,2014-06-30T00:00:00.000Z,1198614,MD,24031,MARYLAND,20872,1,PointAddress,M,100,-77.204981,39.29056,HSIP USA_ZIP4 Composite
13096,"4315 South 2700 West, Mail Code: 02-01-47",0,11,41620,"Salt Lake City, UT",Salt Lake City,United States,Salt Lake,13344412,1004,113520,American Express Centurion Bank,UT,49035,Utah,40088,84184,27471,"4315 South 2700 West, Mail Code: 02-01-47",31544724,NM,Salt Lake City,United States,0,13344412,American Express Centurion Bank,AMERICAN EXPRESS COMPANY,FDIC,2014-06-30T00:00:00.000Z,1394676,UT,49035,UTAH,84184,1,PointAddress,M,92,-111.957981,40.676851,HSIP USA_ZIP4 Composite
13097,4805 Lassen Lane,121,11,47900,"Washington-Arlington-Alexandria, DC-VA-MD-WV",Fredericksburg,United States,Spotsylvania,118021,1001,20204,Lassen Lane Branch,VA,51177,Virginia,39425,22401,34589,"1051 East Cary Street, Suite1200",7276243,SM,Richmond,United States,0,5743669,Union First Market Bank,UNION BANKSHARES CORPORATION,FED,2014-06-30T00:00:00.000Z,693224,VA,51760,VIRGINIA,23219,0,PointAddress,M,100,-77.496211,38.260731,HSIP USA_ZIP4 Composite
13098,16410 Heritage Boulevard,1028,11,47900,"Washington-Arlington-Alexandria, DC-VA-MD-WV",Bowie,United States,Prince George's,37161,1050,800516,Bowie Heritage Branch,MD,24033,Maryland,40090,20716,9846,200 W 2nd St,183627331,NM,Winston Salem,United States,0,137818798,Branch Banking and Trust Company,BB&T CORPORATION,FDIC,2014-06-30T00:00:00.000Z,852320,NC,37067,NORTH CAROLINA,27101,0,PointAddress,M,100,-76.719681,38.945651,HSIP USA_ZIP4 Composite
13099,3510 West Robinson,0,11,36420,"Oklahoma City, OK",Norman,United States,Cleveland,69815,3005,201507,Republic Bank & Trust,OK,40027,Oklahoma,39430,73069,27286,3510 West Robinson,442954,NM,Norman,United States,0,396962,Republic Bank & Trust,"IRONHORSE FINANCIAL GROUP, INC.",FDIC,2014-06-30T00:00:00.000Z,1198605,OK,40027,OKLAHOMA,73069,1,StreetAddress,M,100,-97.493422,35.232824,HSIP USA_ZIP4 Composite
